Success rename file: 'anhanhCay-lich-su.zip' -> 'anhanhanhCay-lich-su.zip'
Success rename file: 'anhanhChuyende-CNPM.ppt' -> 'anhanhanhChuyende-CNPM.ppt'
Success rename file: 'anhanhDE9-10.docx' -> 'anhanhanhDE9-10.docx'
Success rename file: 'anhanhHuu Phuc Do-HAN-AYFHWJ-SGN-FLIGHT_ORIGINATING.pdf' -> 'anhanhanhHuu Phuc Do-HAN-AYFHWJ-SGN-FLIGHT_ORIGINATING.pdf'
Success rename file: 'anhanhHỆ THỐNG HỖ TRỢ CANH TÁC - BTL - Hệ Thống Nhúng.docx' -> 'anhanhanhHỆ THỐNG HỖ TRỢ CANH TÁC - BTL - Hệ Thống Nhúng.docx'
Success rename file: 'anhanhHỆ THỐNG HỖ TRỢ CANH TÁC - BTL - Hệ Thống Nhúng.pdf' -> 'anhanhanhHỆ THỐNG HỖ TRỢ CANH TÁC - BTL - Hệ Thống Nhúng.pdf'
Success rename file: 'anhanhPT phan mem huong dich vu_INT1448.pdf' -> 'anhanhanhPT phan mem huong dich vu_INT1448.pdf'
Success rename file: 'anhanhThực tập sinh Python - Lê Hồng Ánh.pdf' -> 'anhanhanhThực tập sinh Python - Lê Hồng Ánh.pdf'
Success rename file: 'anhanhValseFavorite.mp3' -> 'anhanhanhValseFavorite.mp3'
Success rename file: 'anhanh[PTIT] CV Intern java - Lê Hồng Ánh.pdf' -> 'anhanhanh[PTIT] CV Intern java - Lê Hồng Ánh.pdf'
Success rename file: 'anhanhanhCay-lich-su.zip' -> 'anhanhCay-lich-su.zip'
Success rename file: 'anhanhanhChuyende-CNPM.ppt' -> 'anhanhChuyende-CNPM.ppt'
Success rename file: 'anhanhanhDE9-10.docx' -> 'anhanhDE9-10.docx'
Success rename file: 'anhanhanhHuu Phuc Do-HAN-AYFHWJ-SGN-FLIGHT_ORIGINATING.pdf' -> 'anhanhHuu Phuc Do-HAN-AYFHWJ-SGN-FLIGHT_ORIGINATING.pdf'
Success rename file: 'anhanhanhHỆ THỐNG HỖ TRỢ CANH TÁC - BTL - Hệ Thống Nhúng.docx' -> 'anhanhHỆ THỐNG HỖ TRỢ CANH TÁC - BTL - Hệ Thống Nhúng.docx'
Success rename file: 'anhanhanhHỆ THỐNG HỖ TRỢ CANH TÁC - BTL - Hệ Thống Nhúng.pdf' -> 'anhanhHỆ THỐNG HỖ TRỢ CANH TÁC - BTL - Hệ Thống Nhúng.pdf'
Success rename file: 'anhanhanhPT phan mem huong dich vu_INT1448.pdf' -> 'anhanhPT phan mem huong dich vu_INT1448.pdf'
Success rename file: 'anhanhanhThực tập sinh Python - Lê Hồng Ánh.pdf' -> 'anhanhThực tập sinh Python - Lê Hồng Ánh.pdf'
Success rename file: 'anhanhanhValseFavorite.mp3' -> 'anhanhValseFavorite.mp3'
Success rename file: 'anhanhanh[PTIT] CV Intern java - Lê Hồng Ánh.pdf' -> 'anhanh[PTIT] CV Intern java - Lê Hồng Ánh.pdf'
Success rename file: 'anhanhCay-lich-su.zip' -> 'Cay-lich-su.zip'
Success rename file: 'anhanhChuyende-CNPM.ppt' -> 'Chuyende-CNPM.ppt'
Success rename file: 'anhanhDE9-10.docx' -> 'DE9-10.docx'
Success rename file: 'anhanhHuu Phuc Do-HAN-AYFHWJ-SGN-FLIGHT_ORIGINATING.pdf' -> 'Huu Phuc Do-HAN-AYFHWJ-SGN-FLIGHT_ORIGINATING.pdf'
Success rename file: 'anhanhHỆ THỐNG HỖ TRỢ CANH TÁC - BTL - Hệ Thống Nhúng.docx' -> 'HỆ THỐNG HỖ TRỢ CANH TÁC - BTL - Hệ Thống Nhúng.docx'
Success rename file: 'anhanhHỆ THỐNG HỖ TRỢ CANH TÁC - BTL - Hệ Thống Nhúng.pdf' -> 'HỆ THỐNG HỖ TRỢ CANH TÁC - BTL - Hệ Thống Nhúng.pdf'
Success rename file: 'anhanhPT phan mem huong dich vu_INT1448.pdf' -> 'PT phan mem huong dich vu_INT1448.pdf'
Success rename file: 'anhanhThực tập sinh Python - Lê Hồng Ánh.pdf' -> 'Thực tập sinh Python - Lê Hồng Ánh.pdf'
Success rename file: 'anhanhValseFavorite.mp3' -> 'ValseFavorite.mp3'
Success rename file: 'anhanh[PTIT] CV Intern java - Lê Hồng Ánh.pdf' -> '[PTIT] CV Intern java - Lê Hồng Ánh.pdf'
Success rename file: 'Cay-lich-su.zip' -> 'anhCay-lich-su.zip'
Success rename file: 'Chuyende-CNPM.ppt' -> 'anhChuyende-CNPM.ppt'
Success rename file: 'DE9-10.docx' -> 'anhDE9-10.docx'
Success rename file: 'Huu Phuc Do-HAN-AYFHWJ-SGN-FLIGHT_ORIGINATING.pdf' -> 'anhHuu Phuc Do-HAN-AYFHWJ-SGN-FLIGHT_ORIGINATING.pdf'
Success rename file: 'HỆ THỐNG HỖ TRỢ CANH TÁC - BTL - Hệ Thống Nhúng.docx' -> 'anhHỆ THỐNG HỖ TRỢ CANH TÁC - BTL - Hệ Thống Nhúng.docx'
Success rename file: 'HỆ THỐNG HỖ TRỢ CANH TÁC - BTL - Hệ Thống Nhúng.pdf' -> 'anhHỆ THỐNG HỖ TRỢ CANH TÁC - BTL - Hệ Thống Nhúng.pdf'
Success rename file: 'PT phan mem huong dich vu_INT1448.pdf' -> 'anhPT phan mem huong dich vu_INT1448.pdf'
Success rename file: 'Thực tập sinh Python - Lê Hồng Ánh.pdf' -> 'anhThực tập sinh Python - Lê Hồng Ánh.pdf'
Success rename file: 'ValseFavorite.mp3' -> 'anhValseFavorite.mp3'
Success rename file: '[PTIT] CV Intern java - Lê Hồng Ánh.pdf' -> 'anh[PTIT] CV Intern java - Lê Hồng Ánh.pdf'
Success rename file: 'anhCay-lich-su.zip' -> 'anhCay-lich-su001.zip'
Success rename file: 'anhChuyende-CNPM.ppt' -> 'anhChuyende-CNPM002.ppt'
Success rename file: 'anhDE9-10.docx' -> 'anhDE9-10003.docx'
Success rename file: 'anhHuu Phuc Do-HAN-AYFHWJ-SGN-FLIGHT_ORIGINATING.pdf' -> 'anhHuu Phuc Do-HAN-AYFHWJ-SGN-FLIGHT_ORIGINATING004.pdf'
Success rename file: 'anhHỆ THỐNG HỖ TRỢ CANH TÁC - BTL - Hệ Thống Nhúng.docx' -> 'anhHỆ THỐNG HỖ TRỢ CANH TÁC - BTL - Hệ Thống Nhúng005.docx'
Success rename file: 'anhHỆ THỐNG HỖ TRỢ CANH TÁC - BTL - Hệ Thống Nhúng.pdf' -> 'anhHỆ THỐNG HỖ TRỢ CANH TÁC - BTL - Hệ Thống Nhúng006.pdf'
Success rename file: 'anhPT phan mem huong dich vu_INT1448.pdf' -> 'anhPT phan mem huong dich vu_INT1448007.pdf'
Success rename file: 'anhThực tập sinh Python - Lê Hồng Ánh.pdf' -> 'anhThực tập sinh Python - Lê Hồng Ánh008.pdf'
Success rename file: 'anhValseFavorite.mp3' -> 'anhValseFavorite009.mp3'
Success rename file: 'anh[PTIT] CV Intern java - Lê Hồng Ánh.pdf' -> 'anh[PTIT] CV Intern java - Lê Hồng Ánh010.pdf'
Move file anhCay-lich-su001.zip to folder .zip
Move file anhChuyende-CNPM002.ppt to folder .ppt
Move file anhDE9-10003.docx to folder .docx
Move file anhHuu Phuc Do-HAN-AYFHWJ-SGN-FLIGHT_ORIGINATING004.pdf to folder .pdf
Move file anhHỆ THỐNG HỖ TRỢ CANH TÁC - BTL - Hệ Thống Nhúng005.docx to folder .docx
Move file anhHỆ THỐNG HỖ TRỢ CANH TÁC - BTL - Hệ Thống Nhúng006.pdf to folder .pdf
Move file anhPT phan mem huong dich vu_INT1448007.pdf to folder .pdf
Move file anhThực tập sinh Python - Lê Hồng Ánh008.pdf to folder .pdf
Move file anhValseFavorite009.mp3 to folder .mp3
Move file anh[PTIT] CV Intern java - Lê Hồng Ánh010.pdf to folder .pdf
